split,accuracy,auroc,macro_precision,macro_recall,macro_f1,micro_f1,weighted_f1,EOM,PQD,DPM
cross_padufes20,0.4949103247697528,0.7357665220425629,0.5123437990580848,0.523042439808546,0.4347456751738969,0.4949103247697528,0.49264000129447433,0.4171587832457398,0.7525252525252525,0.32390540449267247
