{
  "train_cls": [
    1.336284,
    1.127217,
    0.913748,
    0.722592,
    0.594638,
    0.500816,
    0.42979,
    0.39073,
    0.359321,
    0.356856,
    0.32974,
    0.311592,
    0.29704,
    0.288788,
    0.270681,
    0.259657,
    0.251754,
    0.239535,
    0.232063,
    0.226628,
    0.217606,
    0.208972,
    0.206232,
    0.204832,
    0.198383,
    0.187857,
    0.185926,
    0.193136,
    0.18456,
    0.18912
  ],
  "train_conf": [
    3e-05,
    1e-06,
    0.0,
    0.0,
    0.0,
    0.0,
    -0.0,
    -0.0,
    -0.0,
    -0.0,
    -0.0,
    -0.0,
    -0.0,
    -0.0,
    -0.0,
    -0.0,
    -0.0,
    -0.0,
    -0.0,
    -0.0,
    0.0,
    -0.0,
    -0.0,
    -0.0,
    -0.0,
    -0.0,
    -0.0,
    -0.0,
    -0.0,
    -0.0
  ],
  "train_con": [
    3.026783,
    2.589957,
    2.46027,
    2.396009,
    2.390344,
    2.315246,
    2.258834,
    2.198389,
    2.139639,
    2.103609,
    2.046953,
    2.012927,
    1.964504,
    1.919122,
    1.878103,
    1.834406,
    1.79125,
    1.767343,
    1.732397,
    1.701485,
    1.656514,
    1.636864,
    1.606859,
    1.581276,
    1.566299,
    1.543729,
    1.533148,
    1.530712,
    1.516966,
    1.525802
  ],
  "train_mi": [
    0.191669,
    0.069719,
    0.050298,
    0.041785,
    0.036674,
    0.029507,
    0.024381,
    0.021117,
    0.016895,
    0.016013,
    0.01406,
    0.013822,
    0.010724,
    0.010371,
    0.009089,
    0.007472,
    0.006599,
    0.006013,
    0.004214,
    0.004213,
    0.003169,
    0.003314,
    0.002497,
    0.002126,
    0.001812,
    0.001673,
    0.001555,
    0.001614,
    0.001472,
    0.0014
  ],
  "train_total": [
    4.554751,
    3.786893,
    3.424316,
    3.160386,
    3.021656,
    2.845569,
    2.713005,
    2.610236,
    2.515855,
    2.476478,
    2.390752,
    2.33834,
    2.272267,
    2.218282,
    2.157873,
    2.101535,
    2.049603,
    2.01289,
    1.968673,
    1.932326,
    1.877288,
    1.84915,
    1.815588,
    1.788233,
    1.766494,
    1.73326,
    1.72063,
    1.725462,
    1.702998,
    1.716323
  ],
  "train_acc": [
    0.330036,
    0.56225,
    0.608107,
    0.617571,
    0.678429,
    0.772857,
    0.817286,
    0.836857,
    0.856357,
    0.86625,
    0.8785,
    0.888536,
    0.897857,
    0.904679,
    0.913571,
    0.923071,
    0.932357,
    0.937571,
    0.943821,
    0.950107,
    0.957786,
    0.961929,
    0.967464,
    0.972321,
    0.974179,
    0.980464,
    0.979464,
    0.981893,
    0.983393,
    0.983071
  ],
  "train_auroc": [
    0.697581,
    0.897296,
    0.948688,
    0.960373,
    0.964346,
    0.970918,
    0.975086,
    0.978941,
    0.98178,
    0.983582,
    0.986201,
    0.987924,
    0.989327,
    0.990799,
    0.992033,
    0.99322,
    0.994322,
    0.994713,
    0.995548,
    0.996042,
    0.996826,
    0.997253,
    0.997856,
    0.998126,
    0.998283,
    0.99881,
    0.998764,
    0.998818,
    0.999007,
    0.998866
  ],
  "train_macro_f1": [
    0.280029,
    0.479295,
    0.510874,
    0.525665,
    0.627483,
    0.762527,
    0.814013,
    0.835299,
    0.855054,
    0.865331,
    0.877607,
    0.8883,
    0.896926,
    0.904341,
    0.913377,
    0.922761,
    0.93192,
    0.93747,
    0.943397,
    0.949776,
    0.957415,
    0.961792,
    0.967185,
    0.972248,
    0.97427,
    0.980408,
    0.979398,
    0.981746,
    0.983355,
    0.982959
  ],
  "val_acc": [
    0.127141,
    0.140651,
    0.14813,
    0.311218,
    0.500603,
    0.571291,
    0.797346,
    0.754644,
    0.799276,
    0.784318,
    0.827021,
    0.854041,
    0.855006,
    0.860555,
    0.837636,
    0.860314,
    0.848251,
    0.875513,
    0.877201,
    0.873583,
    0.881303,
    0.875754,
    0.880338,
    0.880579,
    0.891918,
    0.888058,
    0.894331,
    0.890953,
    0.894331,
    0.896743
  ],
  "val_auroc": [
    0.897585,
    0.911961,
    0.918456,
    0.914159,
    0.912261,
    0.903383,
    0.904526,
    0.933373,
    0.922085,
    0.922912,
    0.920637,
    0.929089,
    0.92933,
    0.929518,
    0.920457,
    0.926205,
    0.923579,
    0.928109,
    0.928746,
    0.915471,
    0.926962,
    0.91503,
    0.921947,
    0.921263,
    0.916976,
    0.913016,
    0.914854,
    0.914354,
    0.912321,
    0.91658
  ],
  "val_macro_f1": [
    0.226581,
    0.190738,
    0.198096,
    0.348738,
    0.437721,
    0.508687,
    0.606276,
    0.5942,
    0.638069,
    0.632448,
    0.665276,
    0.689147,
    0.699426,
    0.702835,
    0.681028,
    0.696391,
    0.691228,
    0.725898,
    0.73761,
    0.729281,
    0.744014,
    0.731787,
    0.739274,
    0.747946,
    0.762966,
    0.756296,
    0.762965,
    0.758055,
    0.762533,
    0.771992
  ],
  "val_weighted_f1": [
    0.065497,
    0.060356,
    0.060196,
    0.280113,
    0.541795,
    0.624618,
    0.811172,
    0.782531,
    0.816193,
    0.801347,
    0.834008,
    0.853421,
    0.858349,
    0.861888,
    0.848162,
    0.861893,
    0.854765,
    0.875808,
    0.87792,
    0.874931,
    0.87996,
    0.875719,
    0.878588,
    0.881169,
    0.88942,
    0.886322,
    0.891286,
    0.888963,
    0.891453,
    0.894346
  ],
  "lr": [
    4e-05,
    6e-05,
    8e-05,
    0.0001,
    0.0001,
    0.0001,
    9.8e-05,
    9.6e-05,
    9.4e-05,
    9e-05,
    8.6e-05,
    8.2e-05,
    7.7e-05,
    7.1e-05,
    6.5e-05,
    5.9e-05,
    5.3e-05,
    4.7e-05,
    4.1e-05,
    3.5e-05,
    2.9e-05,
    2.3e-05,
    1.8e-05,
    1.4e-05,
    1e-05,
    6e-06,
    4e-06,
    2e-06,
    0.0,
    0.0
  ]
}