{
  "train_total": [
    1.3269285661418264,
    1.1846688927673712,
    1.0814382971786871,
    1.018305951502265,
    0.9672921619764189,
    0.9166954334189252,
    0.897339940071106,
    0.86381031972606,
    0.8022035825543288,
    0.7770705833667662,
    0.7442373880525914,
    0.7210999480107936,
    0.6928524941932864,
    0.6685230964567603,
    0.6381720115498799,
    0.6190633933718611,
    0.6135615604679759,
    0.5881874256017732,
    0.5652225599056337,
    0.5561187696166154,
    0.5325107101987048,
    0.5310859040516179,
    0.5342658292956468,
    0.5125710840632276,
    0.5165272507725692,
    0.5039108024864662,
    0.4879804369879932,
    0.46621183578560993,
    0.46020192198637055,
    0.4581873242448016,
    0.44593428038969274,
    0.45122374703244467,
    0.4418174733475941,
    0.4352930420782508,
    0.43011575791893936,
    0.4269834371601663,
    0.4256436090643813,
    0.4326721291716506,
    0.42120711251002985,
    0.4208127282014707,
    0.4186961912527317,
    0.41700865873476356,
    0.41512784507216477,
    0.40362012313633433,
    0.41867302249117594,
    0.41357809595945405,
    0.4133060385541218,
    0.40805764823425106,
    0.4039413456509753,
    0.4143323295000123
  ],
  "train_loss_c": [
    1.038697501508201,
    0.8966354887659956,
    0.7937340954454933,
    0.7306790221028212,
    0.6798863658090917,
    0.6293432334574257,
    0.609868495929532,
    0.5765128586350418,
    0.5150928504583312,
    0.49005381872014303,
    0.45733243154316416,
    0.4341945495547318,
    0.406097279816139,
    0.3817024783390324,
    0.35138315689273,
    0.33221074793396926,
    0.3267300873994827,
    0.30151958436500736,
    0.2784756320278819,
    0.2693217985513734,
    0.2457447110152826,
    0.24437646967608753,
    0.24744330819060162,
    0.2259010581708536,
    0.22975335361027135,
    0.21699839030824056,
    0.20129588210001226,
    0.17954003919915454,
    0.17342299913487783,
    0.17140156030654907,
    0.15925262232379214,
    0.16445939715315655,
    0.15507456732959282,
    0.14855287732874475,
    0.14356355350918887,
    0.14027759414620516,
    0.1390352856095244,
    0.14599551587570003,
    0.1345057231260509,
    0.13418630147125662,
    0.13201194365577,
    0.1302410266021403,
    0.128335689262646,
    0.1169813004572217,
    0.13197705422232792,
    0.12688107625013445,
    0.12661580232585348,
    0.121393443425981,
    0.11735302936740039,
    0.12777119965814962
  ],
  "train_loss_mi": [
    1.9215402952054652,
    1.9202226313149058,
    1.918027988294276,
    1.9175127919127302,
    1.9160385626118357,
    1.9156812371277228,
    1.9164762089892131,
    1.9153163316773205,
    1.9140715046626766,
    1.9134450133253889,
    1.912699638343439,
    1.9127026214832212,
    1.9117013710301096,
    1.912137342662346,
    1.9119256240565603,
    1.912350907558348,
    1.9122097056086471,
    1.9111188388452298,
    1.91164607536502,
    1.911979756704191,
    1.911773245509078,
    1.9113961748960542,
    1.9121500282752804,
    1.9111334114539913,
    1.9118258924019047,
    1.9127493166342013,
    1.9112302675479795,
    1.9111452277113752,
    1.9118594076575302,
    1.9119050124796426,
    1.9112109614581596,
    1.9117622433639154,
    1.911619253274871,
    1.9116010171611135,
    1.9103479617979469,
    1.911372216736398,
    1.910722075439081,
    1.9111773357158754,
    1.9113425365308436,
    1.9108427704834356,
    1.9112282351749699,
    1.9117841226298635,
    1.9119476196242542,
    1.9109253912437252,
    1.911306381225586,
    1.9113133971284075,
    1.911268164471882,
    1.9110945899312088,
    1.9105886889667045,
    1.9104074646786946
  ],
  "train_acc": [
    0.4489329268292683,
    0.586890243902439,
    0.7332317073170732,
    0.7987804878048781,
    0.8208841463414634,
    0.8376524390243902,
    0.8346036585365854,
    0.8559451219512195,
    0.8635670731707317,
    0.8788109756097561,
    0.8833841463414634,
    0.9001524390243902,
    0.9039634146341463,
    0.8887195121951219,
    0.9092987804878049,
    0.926829268292683,
    0.9153963414634146,
    0.9253048780487805,
    0.9329268292682927,
    0.9321646341463414,
    0.9535060975609756,
    0.948170731707317,
    0.9298780487804879,
    0.9496951219512195,
    0.9458841463414634,
    0.948170731707317,
    0.9626524390243902,
    0.9634146341463414,
    0.9702743902439024,
    0.9740853658536586,
    0.9725609756097561,
    0.9695121951219512,
    0.9748475609756098,
    0.9878048780487805,
    0.9832317073170732,
    0.9801829268292683,
    0.9801829268292683,
    0.9778963414634146,
    0.9801829268292683,
    0.9885670731707317,
    0.9847560975609756,
    0.9824695121951219,
    0.9885670731707317,
    0.9916158536585366,
    0.9862804878048781,
    0.9878048780487805,
    0.9885670731707317,
    0.9847560975609756,
    0.9923780487804879,
    0.9862804878048781
  ],
  "train_macro_f1": [
    0.3687548445684134,
    0.5219430205138044,
    0.725187070478425,
    0.7950926993321046,
    0.8161341902331932,
    0.8353194632062846,
    0.8324699625552919,
    0.85417792015222,
    0.8620546481930434,
    0.8787116237963696,
    0.8809017740136301,
    0.9001969162565957,
    0.9027026455661239,
    0.8860405535877018,
    0.9080305979999354,
    0.92677021430835,
    0.9138546384909185,
    0.9249504727409613,
    0.9314918557086442,
    0.9312916075060017,
    0.9531613453008534,
    0.9479783611362559,
    0.929950011294285,
    0.9490569436097553,
    0.9456357851782689,
    0.947899595175957,
    0.962775822104009,
    0.9629550795162247,
    0.9700403523950154,
    0.9742743880760344,
    0.9721372487371732,
    0.9696704657977984,
    0.9749790094839552,
    0.9877807656306312,
    0.9830334403660822,
    0.9799216468548178,
    0.9800871868831216,
    0.977764728615235,
    0.9799938664793961,
    0.9885388093706845,
    0.984800922528092,
    0.9824348954656953,
    0.9885845787471754,
    0.9916245014554285,
    0.9863824315519016,
    0.9877976448484912,
    0.988495204140198,
    0.9845571697711165,
    0.9923859765225137,
    0.9862588650290315
  ],
  "val_acc": [
    0.3333333333333333,
    0.4656084656084656,
    0.6613756613756614,
    0.8042328042328042,
    0.7248677248677249,
    0.5978835978835979,
    0.873015873015873,
    0.798941798941799,
    0.8677248677248677,
    0.7301587301587301,
    0.8201058201058201,
    0.8624338624338624,
    0.8148148148148148,
    0.7883597883597884,
    0.8306878306878307,
    0.8201058201058201,
    0.8465608465608465,
    0.8465608465608465,
    0.708994708994709,
    0.8677248677248677,
    0.8306878306878307,
    0.8518518518518519,
    0.873015873015873,
    0.8518518518518519,
    0.8677248677248677,
    0.8253968253968254,
    0.8306878306878307,
    0.8571428571428571,
    0.8783068783068783,
    0.873015873015873,
    0.8941798941798942,
    0.8835978835978836,
    0.8994708994708994,
    0.873015873015873,
    0.8888888888888888,
    0.873015873015873,
    0.8888888888888888,
    0.8941798941798942,
    0.8835978835978836,
    0.8465608465608465,
    0.8624338624338624,
    0.8624338624338624,
    0.8624338624338624,
    0.8518518518518519,
    0.8571428571428571,
    0.8571428571428571,
    0.8624338624338624,
    0.8571428571428571,
    0.8571428571428571,
    0.8571428571428571
  ],