{
  "train_total": [
    6.247846184707269,
    5.535036133556831,
    4.949727593398675,
    4.554710975507411,
    4.319438631941632,
    4.07242899406247,
    4.096588663938569,
    3.734178246521368,
    3.55784982588233,
    3.3374061933377894,
    3.1750011792997035,
    3.1366999033020764,
    2.982691317069821,
    2.9761093186169134,
    2.82662758594606,
    2.8059297887290398,
    2.7722683883294827,
    2.670519881132172,
    2.6419755133186897,
    2.4942741801099078,
    2.460041121738713,
    2.4562848486551423,
    2.429291376253454,
    2.538078982655595,
    2.4317743661927014,
    2.418685924716112,
    2.3007965146041496,
    2.2904011447255206,
    2.300351049841904,
    2.1810518008906667,
    2.1783909332461473,
    2.2116347464119515,
    2.1656974292382962,
    2.1003738380059964,
    2.1568199192605366,
    2.0714097895273347,
    2.058532110074671,
    2.0579094392497366,
    2.068399001912373,
    2.0649632826084043,
    2.041239476785427,
    2.086822658050351,
    2.0437543566634013,
    2.0272657813095467,
    2.0377863122195734,
    2.0250938752802408,
    2.0290289448528753,
    2.033717856174562,
    2.0448721152980154,
    2.057090392926844
  ],
  "train_cls": [
    1.0860620359095132,
    1.0543919016675252,
    1.0074786776449622,
    0.9563451133123259,
    0.891627855417205,
    0.8398270548843756,
    0.7862463826086463,
    0.7406338089849891,
    0.6917085938337373,
    0.6505835884954871,
    0.5994993869851275,
    0.5664837643867586,
    0.5213792360410457,
    0.47976904816743804,
    0.44162972525852484,
    0.43923648973790613,
    0.39930586262447076,
    0.3819188068552715,
    0.3469148147396925,
    0.3100844941488126,
    0.2971450642841618,
    0.2863819170288923,
    0.2721317519501942,
    0.26243382765025625,
    0.24714362439585896,
    0.22295467737244395,
    0.21492620721095945,
    0.19817726931920865,
    0.19059779549517283,
    0.1801545609061311,
    0.17300262592914628,
    0.16482415341022538,
    0.15201681797824254,
    0.13543869809406558,
    0.13151475423719824,
    0.12909860600058626,
    0.12331841976904287,
    0.12748250183535786,
    0.12477517745843748,
    0.12043596204461121,
    0.1128528372543614,
    0.11986056787938607,
    0.11496233685714442,
    0.10451760506484567,
    0.1153846759258247,
    0.1104320178671581,
    0.1088872442885143,
    0.10777328599516939,
    0.10113635622873539,
    0.10846187228836664
  ],
  "train_con": [
    3.241945115531363,
    2.56076035848478,
    2.021617986807009,
    1.677451671623602,
    1.5067132834981127,
    1.3113912580216802,
    1.3880441472297762,
    1.071387569715337,
    0.9445626726601182,
    0.7658092776858588,
    0.6561619340464836,
    0.6513693398773307,
    0.5430810510112745,
    0.578965314181249,
    0.46851471270911577,
    0.45066459723407537,
    0.45715198279131297,
    0.3742492939927615,
    0.380308300983615,
    0.2702929032341827,
    0.24918784008066103,
    0.2573733252427745,
    0.24445053458457994,
    0.3638471715527064,
    0.2725756804759773,
    0.28360780202726854,
    0.17430732986909656,
    0.18099384988010747,
    0.1980652984078383,
    0.08937685941161429,
    0.09438352206105753,
    0.13564372686001971,
    0.10236272820776965,
    0.053841407246825214,
    0.11526289714852393,
    0.03160272522122463,
    0.024900617904211508,
    0.01987297612344619,
    0.03271573738524372,
    0.03432613374912407,
    0.017873146148503577,
    0.0558877924812827,
    0.017572906849303897,
    0.012423845250784169,
    0.011725943726160927,
    0.004114415987803623,
    0.009594633092780075,
    0.015564003168880689,
    0.03380116787575833,
    0.03881711573815598
  ],
  "train_mi": [
    1.9198390536191987,
    1.919883858866808,
    1.9206308969637242,
    1.9209142080167445,
    1.9210975111984625,
    1.9212107135028373,
    1.9222981319194887,
    1.9221568630962838,
    1.9215785468496926,
    1.9210133174570596,
    1.9193398400050838,
    1.9188468223664819,
    1.9182310424199918,
    1.9173749452683984,
    1.9164831492959,
    1.9160287205765887,
    1.91581055885408,
    1.9143517802401286,
    1.9147524106793288,
    1.9138967874573498,
    1.913708209991455,
    1.912529599375841,
    1.9127090907678372,
    1.9117979828904315,
    1.912055056269576,
    1.9121234446037105,
    1.9115629806751158,
    1.9112300233143131,
    1.9116879614388071,
    1.9115203793455915,
    1.9110047759079352,
    1.9111668714662877,
    1.911317880560712,
    1.9110937176681146,
    1.9100422713814713,
    1.910708462319723,
    1.910313062551545,
    1.9105539467276595,
    1.9109081058967403,
    1.9102011686418114,
    1.9105135027955218,
    1.9110743039991798,
    1.9112191054879166,
    1.9103243467284412,
    1.9106756855801839,
    1.91054744255252,
    1.910547061664302,
    1.9103805698999545,
    1.9099345759647648,
    1.9098114007856788
  ],
  "train_acc": [
    0.3826219512195122,
    0.4565548780487805,
    0.5129573170731707,
    0.6463414634146342,
    0.729420731707317,
    0.7972560975609756,
    0.7957317073170732,
    0.84375,
    0.8536585365853658,
    0.8719512195121951,
    0.8833841463414634,
    0.8963414634146342,
    0.8887195121951219,
    0.9161585365853658,
    0.9237804878048781,
    0.9291158536585366,
    0.930640243902439,
    0.9367378048780488,
    0.944359756097561,
    0.9588414634146342,
    0.9641768292682927,
    0.9535060975609756,
    0.9496951219512195,
    0.9519817073170732,
    0.9535060975609756,
    0.9641768292682927,
    0.9664634146341463,
    0.9695121951219512,
    0.9710365853658537,
    0.9778963414634146,
    0.9733231707317073,
    0.9748475609756098,
    0.9771341463414634,
    0.9862804878048781,
    0.9855182926829268,
    0.9870426829268293,
    0.9885670731707317,
    0.9839939024390244,
    0.9855182926829268,
    0.9885670731707317,
    0.9923780487804879,
    0.9839939024390244,
    0.9885670731707317,
    0.9939024390243902,
    0.9855182926829268,
    0.9870426829268293,
    0.9908536585365854,
    0.9839939024390244,
    0.993140243902439,
    0.9908536585365854
  ],
  "train_macro_f1": [
    0.3376951690389693,
    0.37361892598101315,
    0.46476878101593694,
    0.6266156912211261,
    0.7109215468997191,
    0.7929059891126835,
    0.7899312468673068,
    0.8404516336527429,
    0.8520482062388154,
    0.8721629616608957,
    0.8828442328990547,
    0.8964839314847578,
    0.8872482744027305,
    0.915168168628801,
    0.9234346419023498,
    0.9295367960002844,
    0.9300758649757274,
    0.9363355113712922,
    0.94373037224338,
    0.9585398358544599,
    0.9640654381034013,
    0.9533404667730822,
    0.9499270996108189,
    0.9515883074870949,
    0.953440627484893,
    0.9640560123080109,
    0.9667077890643482,
    0.9693997657948475,
    0.970884222984675,
    0.9779653418928246,
    0.9729886452047086,
    0.9747899241115112,
    0.9773699310439908,
    0.9862871837642478,
    0.9853701625503696,
    0.986875402455145,
    0.9885124272671076,
    0.9838299984907795,
    0.9854308914765953,
    0.9886002357292073,
    0.9923469753761184,
    0.9839639514958617,
    0.988676648385558,
    0.9938955638056634,
    0.9854341517727837,
    0.9869635789673127,
    0.9909191861507747,
    0.9836456643855418,
    0.9931567461242027,
    0.9908762359032037
  ],
  "train_paired_rate": [
    1.0,
    1.0,
    1.0,
    1.0,
    1.0,
    1.0,
    1.0,
    1.0,
    1.0,
    1.0,
    1.0,
    1.0,
    1.0,
    1.0,
    1.0,
    1.0,
    1.0,
    1.0,
    1.0,
    1.0,
    1.0,
    1.0,
    1.0,
    1.0,
    1.0,
    1.0,
    1.0,
    1.0,
    1.0,
    1.0,
    1.0,
    1.0,
    1.0,
    1.0,
    1.0,
    1.0,
    1.0,
    1.0,
    1.0,
    1.0,
    1.0,
    1.0,
    1.0,
    1.0,
    1.0,
    1.0,
    1.0,
    1.0,
    1.0,
    1.0
  ],