split,fitzpatrick_type,accuracy
cross_derm7pt,FST 1,0.48736462093862815
cross_derm7pt,FST 2,0.5476190476190477
cross_derm7pt,FST 3,0.5961538461538461
cross_derm7pt,FST 4,0.5
cross_derm7pt,FST 5,0.6153846153846154
cross_derm7pt,FST 6,0.6666666666666666
