{
  "train_total": [
    4.396241141528618,
    4.2492285356289,
    4.14426339544901,
    4.088943301177606,
    4.01517662187902,
    3.9414079305602283,
    3.8999080309053746,
    3.86869379369224,
    3.812583225529368,
    3.796439810497005,
    3.736179061052276,
    3.720349596767891,
    3.687406789965746,
    3.657109923479034,
    3.627273059472805,
    3.611736117339716,
    3.5941537124354666,
    3.5748494311076837,
    3.5465873799672942,
    3.525379239059076,
    3.51860585445311,
    3.504030157880085,
    3.503294165541486,
    3.4864060936904533,
    3.4842962637180235,
    3.481431978504832,
    3.47738470100775,
    3.4683745372586134,
    3.443917710606645,
    3.4494801032833937,
    3.428250929204429,
    3.435745820766542,
    3.429837290833636,
    3.414004994601738,
    3.405400787911764,
    3.410182923805423,
    3.4062216398192615,
    3.4197709909299525,
    3.4010491778210894,
    3.401140131601473,
    3.3996714673391204,
    3.406662336209925,
    3.39776845676143,
    3.387887268531613,
    3.3939292140123323,
    3.399060778501557,
    3.396502035420115,
    3.3929856056120338,
    3.385864281072849,
    3.3893300498404155
  ],
  "train_cls": [
    1.0380322177235672,
    0.8984081963213478,
    0.7989455461502075,
    0.7484198852283198,
    0.6852370267961083,
    0.616284802192595,
    0.5794055331044081,
    0.5539406014651787,
    0.5019137772118173,
    0.49343258069782725,
    0.43917690108462076,
    0.43046760704459214,
    0.40233635829716197,
    0.37574040598985625,
    0.3501410375281078,
    0.33687981890469065,
    0.31966528914323666,
    0.3016847164892569,
    0.27602707067640814,
    0.2514993123164991,
    0.24518565724535688,
    0.23378306445552083,
    0.23528246472521527,
    0.21444363528635443,
    0.21538955990861103,
    0.2098080592184532,
    0.20314916350492618,
    0.19666776860632548,
    0.17725428938865662,
    0.17550455433566395,
    0.16051752192945015,
    0.16394286620907667,
    0.16129658007767142,
    0.14417703213488184,
    0.13543863085711874,
    0.13945217357902992,
    0.13623334612788224,
    0.1436333716279123,
    0.13110131570478764,
    0.135525260211491,
    0.1319857953888614,
    0.1343872169168984,
    0.12943662648520818,
    0.11926733393494676,
    0.12428339225489919,
    0.12695919104465625,
    0.12522636935478304,
    0.12401147495682646,
    0.1152630610073485,
    0.11976299780171092
  ],
  "train_conf": [
    1.7924400364480368,
    1.7924498145173235,
    1.7931254927704974,
    1.7941123741429026,
    1.7974949900696917,
    1.8011967292646083,
    1.8051961485932513,
    1.8069493305392381,
    1.8101504372387398,
    1.811853949616595,
    1.816334893063801,
    1.8196152594031356,
    1.8278760124997395,
    1.8336085488156575,
    1.8407736784074364,
    1.848685622215271,
    1.8560617667872732,
    1.8572938849286336,
    1.8638208959160782,
    1.8672920349167614,
    1.8690652178555,
    1.8702087053438512,
    1.8717257075193452,
    1.8732593204916976,
    1.8741487468161233,
    1.8753330765700922,
    1.8739623878060319,
    1.8742963366392182,
    1.8735783681636904,
    1.8753078274610566,
    1.8766682758563902,
    1.8750330878467094,
    1.8748876844964377,
    1.8744697367272727,
    1.875893069476616,
    1.8774758199366128,
    1.8756842845823707,
    1.8742118114378394,
    1.8745896292895805,
    1.8737238732779897,
    1.8773558866686937,
    1.875456708233531,
    1.875536273165447,
    1.8753404152102586,
    1.8766309837015664,
    1.8767116971132232,
    1.8774994931569913,
    1.8775575800639828,
    1.8751285541348341,
    1.8752406166820992
  ],
  "train_skin": [
    1.8053184776771358,
    1.790619318078204,
    1.7794390160862992,
    1.7614273908661633,
    1.7251527047738797,
    1.7032652628131029,
    1.680314064025879,
    1.6619691935981191,
    1.6464971798222239,
    1.616417893549291,
    1.5923065266958096,
    1.561428881273037,
    1.5331750468509953,
    1.5126094701813488,
    1.4853714093929384,
    1.463709813792531,
    1.4495705337059208,
    1.4469777723638022,
    1.4241601199638554,
    1.4307918897489222,
    1.423601476157584,
    1.4141404657829098,
    1.40220098669936,
    1.414896994102292,
    1.4008595129338706,
    1.4072924445315105,
    1.4205263329715263,
    1.4118084936607174,
    1.3953708148584134,
    1.4165582395181424,
    1.3954243020313541,
    1.410181487478861,
    1.3999482800320882,
    1.4047982023983467,
    1.4062744437194452,
    1.4037983417510986,
    1.405846267211728,
    1.4270000341461926,
    1.4051946256218888,
    1.3945921397790677,
    1.394199153272117,
    1.4103479530753158,
    1.397675022846315,
    1.4013714732193365,
    1.4018037609937715,
    1.4101595326167782,
    1.4061886304762305,
    1.398373065925226,
    1.4094371941031478,
    1.4068090828453623
  ],
  "train_mi": [
    1.9203933448326298,
    1.9174096148188522,
    1.91492337715335,
    1.9150390072566708,
    1.9136462531438687,
    1.9135451607587861,
    1.9138101978999813,
    1.9126877493974639,
    1.9116450693549178,
    1.9121548693354538,
    1.9111427185012073,
    1.9116456886617148,
    1.911179888539198,
    1.9107823895245064,
    1.911133745821511,
    1.9114005216738073,
    1.9115863486034115,
    1.9104244389185092,
    1.911401795177925,
    1.9109963236785517,
    1.9118071213001158,
    1.910900578266237,
    1.9114885272049322,
    1.9108636960750673,
    1.9115744596574364,
    1.9117696081719748,
    1.911096412961076,
    1.911016022286764,
    1.911262959968753,
    1.9113541783356085,
    1.9107719834257917,
    1.9112319481082078,
    1.9111123870058757,
    1.9111536159747984,
    1.9101332920353586,
    1.9108533335895073,
    1.910392255317874,
    1.9109316947983532,
    1.9110946422669945,
    1.9103752665403413,
    1.910747964207719,
    1.911442361226896,
    1.9112611892746716,
    1.91053825180705,
    1.910789198991729,
    1.9106978614155838,
    1.9106693413199447,
    1.910683396385937,
    1.9102057712834055,
    1.9099039769754178
  ],
  "train_acc": [
    0.4382621951219512,
    0.5960365853658537,
    0.7492378048780488,
    0.7972560975609756,
    0.8102134146341463,
    0.864329268292683,
    0.864329268292683,
    0.8635670731707317,
    0.8887195121951219,
    0.8772865853658537,
    0.9016768292682927,
    0.90625,
    0.9100609756097561,
    0.9077743902439024,
    0.9214939024390244,
    0.9245426829268293,
    0.9283536585365854,
    0.9344512195121951,
    0.9458841463414634,
    0.9596036585365854,
    0.9542682926829268,
    0.9557926829268293,
    0.948170731707317,
    0.9603658536585366,
    0.958079268292683,
    0.9496951219512195,
    0.9634146341463414,
    0.9657012195121951,
    0.9664634146341463,
    0.9634146341463414,
    0.9771341463414634,
    0.9748475609756098,
    0.9740853658536586,
    0.9885670731707317,
    0.9885670731707317,
    0.9870426829268293,
    0.9855182926829268,
    0.9801829268292683,
    0.9855182926829268,
    0.9824695121951219,
    0.9855182926829268,
    0.9801829268292683,
    0.9885670731707317,
    0.9923780487804879,
    0.9885670731707317,
    0.9916158536585366,
    0.989329268292683,
    0.9862804878048781,
    0.9939024390243902,
    0.9908536585365854
  ],