{
  "train_total": [
    3.7265243879178676,
    3.4473771700044957,
    3.22341578181197,
    2.9763055487376886,
    2.774721378233375,
    2.5664288357990546,
    2.435090777350635,
    2.1918777023873677,
    2.3100590356966344,
    2.0253897876274296,
    2.0191666033209823,
    1.96309868010079,
    1.8961370136679672,
    1.7721162859986468,
    1.6871800190064965,
    1.6797011334721634,
    1.6060944533929593,
    1.6451385922548247,
    1.5112296924358462,
    1.5457858545024221,
    1.4616794644332514,
    1.511893316013057,
    1.508697559193867,
    1.460429211942161,
    1.4045901589277314,
    1.4172754694775838,
    1.307980197231944,
    1.306661448827604,
    1.2859700133160847,
    1.3323198963956135,
    1.3021830262207403,
    1.2431467655228405,
    1.1992343053585146,
    1.227653773819528,
    1.2140044264677095,
    1.1972870768570318,
    1.2252483862202341,
    1.1794808347050736,
    1.1566547678738106,
    1.1795289574599848,
    1.168762084914417,
    1.1139178508665504,
    1.1758313237166986,
    1.2229486209590261,
    1.1537552519542416,
    1.1585651781500839,
    1.135624885559082,
    1.1805613273527564,
    1.1914811076187506,
    1.1349325209129146
  ],
  "train_cls": [
    1.0868110075229551,
    1.050491164370281,
    0.9919359465924705,
    0.9431259050601866,
    0.8819125934344966,
    0.8381856403699736,
    0.7861658523722392,
    0.7253228731271697,
    0.7075766833817086,
    0.658243641620729,
    0.6130569024783808,
    0.5854916674334828,
    0.5797860382533655,
    0.5214072451358889,
    0.47365140842228404,
    0.44586251639738317,
    0.442387498733474,
    0.39829498093302657,
    0.376617744928453,
    0.35580551624298096,
    0.3343130037551973,
    0.32484935696532086,
    0.3155577985978708,
    0.2996778691687235,
    0.30103319992379446,
    0.2953246046857136,
    0.2626628388718861,
    0.25027162745231535,
    0.2544788754567867,
    0.252175262425004,
    0.24468955906426035,
    0.2242190965065142,
    0.21044191027559886,
    0.22213386871465823,
    0.2010558131264477,
    0.19633757850018943,
    0.21996797766627335,
    0.1882503999442589,
    0.18607024412329604,
    0.18763202392473455,
    0.19884750537756013,
    0.1610840858846176,
    0.18280537063028754,
    0.18327762931585312,
    0.1751303385670592,
    0.18936656469978938,
    0.16461370285691285,
    0.1890063829174856,
    0.17809506287661994,
    0.16723640353941335
  ],
  "train_conf": [
    1.7927308605938423,
    1.7935699980433395,
    1.7960030858109637,
    1.8019673882461176,
    1.8157006851056727,
    1.8394237756729126,
    1.8633829384315304,
    1.8808898402423393,
    1.894793731410329,
    1.9062700387908191,
    1.9063462018966675,
    1.9046603644766458,
    1.9057763117115671,
    1.9064820452434261,
    1.893991214473073,
    1.8889944553375244,
    1.884900284976494,
    1.8658912559834921,
    1.8636639001892834,
    1.8547821859034097,
    1.8557140769028082,
    1.8593893516354445,
    1.856493156130721,
    1.8564882278442383,
    1.8605777723033254,
    1.8630538946244775,
    1.8679730078069174,
    1.876651240558159,
    1.881246549327199,
    1.8911242136141149,
    1.8953147981224991,
    1.9012211735655622,
    1.903992030678726,
    1.908083060892617,
    1.9115600934842738,
    1.911977965657304,
    1.9103101404701792,
    1.9152888553898508,
    1.9188350846127766,
    1.9190628761198463,
    1.9190364232877406,
    1.9236257919451085,
    1.924747999121503,
    1.923496028272117,
    1.9264960841434757,
    1.9277491540443608,
    1.9279926113966035,
    1.925431274786228,
    1.927173210353386,
    1.9258062374301073
  ],
  "train_skin": [
    1.74646350814075,
    1.7259155453705206,
    1.6872285168345382,
    1.634897941496314,
    1.5436470566726312,
    1.4818904516173572,
    1.4392505128209183,
    1.3957947696127542,
    1.3802986057793223,
    1.3415352047943487,
    1.3645616246432792,
    1.3751899789019328,
    1.3630322450544776,
    1.3531420201790043,
    1.376035757181121,
    1.3892684448056105,
    1.398887343522979,
    1.4466096220946894,
    1.4520483424023884,
    1.4592616063792532,
    1.463762236804497,
    1.4632614269489195,
    1.46978028809152,
    1.4719067724739634,
    1.4557813057085363,
    1.4511801149786971,
    1.4254367991191585,
    1.4102634511342862,
    1.3916444458612582,
    1.3914044688387615,
    1.3847785984597556,
    1.3812112168567936,
    1.3524042484236927,
    1.3633010794476765,
    1.355230689048767,
    1.3575887970808076,
    1.3721424021371982,
    1.3485055900201566,
    1.336363376640692,
    1.360162764060788,
    1.339216691691701,
    1.330969726167074,
    1.3324828613095168,
    1.344466500165986,
    1.338203886660134,
    1.3528033233270413,
    1.3102467786975023,
    1.3507763089203253,
    1.351065324573982,
    1.3594012144135266
  ],
  "train_con": [
    3.2878544912105654,
    2.8098786545962824,
    2.4929740952282415,
    2.1146957002035003,
    1.865007848274417,
    1.551120714443486,
    1.40021908573988,
    1.0460330713086012,
    1.3186285808318998,
    0.859075459038339,
    0.9280607240592561,
    0.8677832714122969,
    0.7498875582908712,
    0.6224985218993048,
    0.5442074401667569,
    0.5816859356241255,
    0.43948412919417024,
    0.5943486812899298,
    0.36866310418288156,
    0.4803172265713262,
    0.3529279809189597,
    0.4709580207893784,
    0.4817127769801584,
    0.41608466602089567,
    0.30646333954206145,
    0.34424368175677955,
    0.19937802673879693,
    0.22395672542241787,
    0.17976495054289243,
    0.2731242479597468,
    0.22876299163695743,
    0.15082653053530787,
    0.10088081190805519,
    0.12845577049088983,
    0.14498727043974213,
    0.11992161722268864,
    0.12330733089659522,
    0.10282135035959072,
    0.06483937436984512,
    0.09780121972023441,
    0.062200823708624786,
    0.029657874374917324,
    0.1088678176875408,
    0.19783795878174715,
    0.07717758411663675,
    0.05197474468079191,
    0.07254108654054041,
    0.09843803723356914,
    0.14109721721473673,
    0.04708155508865829
  ],
  "train_mi": [
    1.919648141395755,
    1.9203302162449534,
    1.9223097097582933,
    1.923058073695113,
    1.922902028735091,
    1.9227998227607914,
    1.9219244515023581,
    1.9213422595000849,
    1.9209973114292795,
    1.9203157802907431,
    1.9193183968706828,
    1.9183018759983341,
    1.9176364177610816,
    1.9168996229404356,
    1.916129775163604,
    1.9156203269958496,
    1.9147155837314884,
    1.914460423516064,
    1.9142529266636545,
    1.9134197235107422,
    1.9133812101875864,
    1.9135650192818991,
    1.9135245695346739,
    1.91353319912422,
    1.9136896104347416,
    1.9132146370120164,
    1.9129757619485623,
    1.9135232088042469,
    1.913536333456272,
    1.9138449924748118,
    1.9139550749848528,
    1.9135193156033028,
    1.9138180482678298,
    1.9134344066061624,
    1.913978585382787,
    1.9138354150260366,
    1.9142414186058976,
    1.9137389892485084,
    1.914167468140765,
    1.9143411328152913,
    1.9144235267871763,
    1.913904600027131,
    1.9143056520601598,
    1.9143965971179124,
    1.9139739100526019,
    1.9140048288717502,
    1.9139515539494956,
    1.9139625182965907,
    1.9145980113890113,
    1.9140921307773124
  ],