split,fitzpatrick_type,accuracy
cross_padufes20,FST 1,0.5973154362416108
cross_padufes20,FST 2,0.5592028135990621
cross_padufes20,FST 3,0.5428571428571428
cross_padufes20,FST 4,0.5882352941176471
cross_padufes20,FST 5,0.3333333333333333
cross_padufes20,FST 6,
